Algorithm, Epsilon, #A, #B, infile A, infile B, LocalJoin Alg, Fanout, Leaf size, gridSize, Compared #, Compared %, ComparedMax, Duplicates, Results, Selectivity, filtered A, filtered B,t loading, t init, t build, t probe, t comparing, t partition, t total, t deDuplicating, t analyzing, t sorting, t gridCalculate, t sizeCalculate,EmptyCells(%), MaxObj, AveObj, StdObj, repA, repB, max level, gridP robe, tree height A, tree height B,l0 assigned, l1 assigned, l2 assigned, l3 assigned, l4 assigned, l5 assigned, l6 assigned, l7 assigned, l8 assigned, l9 assigned,l0 assigned B, l1 assigned B, l2 assigned B, l3 assigned B, l4 assigned B, l5 assigned B, l6 assigned B, l7 assigned B, l8 assigned B, l9 assigned B,l0 avg, l1 avg, l2 avg, l3 avg, l4 avg, l5 avg, l6 avg, l7 avg, l8 avg, l9 avg,l0 avg B, l1 avg B, l2 avg B, l3 avg B, l4 avg B, l5 avg B, l6 avg B, l7 avg B, l8 avg B, l9 avg B,l0 std, l1 std, l2 std, l3 std, l4 std, l5 std, l6 std, l7 std, l8 std, l9 std, l0 std B, l1 std B, l2 std B, l3 std B, l4 std B, l5 std B, l6 std B, l7 std B, l8 std B, l9 std B
reTOUCH:BU(Case4),1,2000,2000,../../../data/samplesDendrites/2000/sample1.bin,../../../data/samplesAxons/2000/sample1.bin,SGrid,2,100,4,248,0.0062,897485,3,13,0.000325,187,1488,0.006,0,0,0.002,0,0.011,0.021,0,0,0.01,0,0,46.3415,1003,28.3537,132.659,165,165,1,0.002,6,0,0,0,60,335,1003,415,0,0,0,0,2,0,0,49,461,0,0,0,0,0,0,0,24.0951,20.3262,18.5751,20.6445,0,0,0,0,12.7926,0,0,59.2727,34.2666,0,0,0,0,0,0,0,14.9161,36.5913,21.3048,38.5008,0,0,0,0,0.942513,0,0,61.9442,67.3033,0,0,0,0,0,
TOUCH:TD(Case1),1,2000,2000,../../../data/samplesDendrites/2000/sample1.bin,../../../data/samplesAxons/2000/sample1.bin,SGrid,2,100,4,90802,2.27005,777000,0,13,0.000325,0,1488,0.006,0,0,0.194,0.194,0.012,0.213,0,0,0.012,0,0,46.3415,461,30.6341,64.1999,23,23,1,0.194,6,0,2000,0,0,0,0,0,0,0,0,0,2,0,0,49,461,0,0,0,0,0,19.9483,0,0,0,0,0,0,0,0,0,12.7926,0,0,59.2727,34.2666,0,0,0,0,0,28.8906,0,0,0,0,0,0,0,0,0,0.942513,0,0,61.9442,67.3033,0,0,0,0,0,
cTOUCH:TD(Case1),1,2000,2000,../../../data/samplesDendrites/2000/sample1.bin,../../../data/samplesAxons/2000/sample1.bin,SGrid,2,1000,4,216,0.0054,123588,9,13,0.000325,892,1480,0.003,0,0,0.001,0.001,0.011,0.016,0,0,0.01,0.001,0,14.2857,469,116.286,147.818,15,15,1,0.002,3,0,472,606,30,0,0,0,0,0,0,0,362,138,20,0,0,0,0,0,0,0,18.0678,19.5336,18.5053,0,0,0,0,0,0,0,21.243,72.7125,69.6951,0,0,0,0,0,0,0,31.3771,23.257,8.71018,0,0,0,0,0,0,0,26.3157,107.712,102.669,0,0,0,0,0,0,0,
dTOUCH:TD(Case1),1,2000,2000,../../../data/samplesDendrites/2000/sample1.bin,../../../data/samplesAxons/2000/sample1.bin,SGrid,2,100,4,345,0.008625,147736,33,13,0.000325,1498,1488,0.002,0,0.003,0.003,0.002,0.012,0.02,0,0,0.011,0.001,0,27.2727,285,42.0909,67.5708,51,51,1,0.004,6,4,2000,0,0,0,0,0,0,0,0,0,183,20,285,14,0,0,0,0,0,0,19.9483,0,0,0,0,0,0,0,0,0,36.3898,0,0,46.7013,36.0997,0,0,0,0,0,28.8906,0,0,0,0,0,0,0,0,0,68.4486,0,0,34.9667,65.2646,0,0,0,0,0,
SGrid:TD(Case1),1,2000,2000,../../../data/samplesDendrites/2000/sample1.bin,../../../data/samplesAxons/2000/sample1.bin,NL,0,0,1000000,278,0.00695,0,16,13,0.000325,0,0,0.005,0,0.001,0.002,0,0,0.008,0,0,0,0,0,0,0,0,0,1,1,0,0.002,0,0,0,0,0,0,0,0,0,0,0,0,0,0,0,0,0,0,0,0,0,0,0,0,0,0,0,0,0,0,0,0,0,0,0,0,0,0,0,0,0,0,0,0,0,0,0,0,0,0,0,0,0,0,0,0,0,0,0,0,0,0,
reTOUCH:BU(Case4),1,2000,2000,../../../data/samplesDendrites/2000/sample1.bin,../../../data/samplesAxons/2000/sample2.bin,SGrid,2,100,4,0,0,1752,0,0,0,188,1999,0.012,0,0.001,0.001,0,0.005,0.06,0,0,0.005,0.001,0,48.7805,1002,22.1098,123.563,165,165,1,0.002,6,0,0,0,60,335,1002,415,0,0,0,0,0,0,0,0,1,0,0,0,0,0,0,0,24.0951,20.3262,18.4985,20.6445,0,0,0,0,0,0,0,0,22.3854,0,0,0,0,0,0,0,14.9161,36.5913,21.1769,38.5008,0,0,0,0,0,0,0,0,0,0,0,0,0,0,
TOUCH:TD(Case1),1,2000,2000,../../../data/samplesDendrites/2000/sample1.bin,../../../data/samplesAxons/2000/sample2.bin,SGrid,2,100,4,252,0.0063,1600,0,0,0,0,1999,0.002,0,0,0.001,0.001,0.008,0.011,0,0,0.008,0,0,48.7805,100,24.4024,42.9367,22,22,1,0.001,6,0,2000,0,0,0,0,0,0,0,0,0,0,0,0,0,1,0,0,0,0,0,19.9483,0,0,0,0,0,0,0,0,0,0,0,0,0,22.3854,0,0,0,0,0,28.8906,0,0,0,0,0,0,0,0,0,0,0,0,0,0,0,0,0,0,0,
cTOUCH:TD(Case1),1,2000,2000,../../../data/samplesDendrites/2000/sample1.bin,../../../data/samplesAxons/2000/sample2.bin,SGrid,2,1000,4,0,0,0,0,0,0,2000,1993,0.004,0,0,0,0,0.016,0.02,0,0,0.016,0,0,42.8571,7,0.5,1.80278,15,15,1,0,3,0,0,0,0,0,0,0,0,0,0,0,7,0,0,0,0,0,0,0,0,0,0,0,0,0,0,0,0,0,0,0,18.8603,0,0,0,0,0,0,0,0,0,0,0,0,0,0,0,0,0,0,0,7.93169,0,0,0,0,0,0,0,0,0,
dTOUCH:TD(Case1),1,2000,2000,../../../data/samplesDendrites/2000/sample1.bin,../../../data/samplesAxons/2000/sample2.bin,SGrid,2,100,4,0,0,0,0,0,0,2000,1999,0.006,0,0,0.001,0,0.009,0.018,0,0,0.009,0.001,0,0,100,0.5,0.5,43,43,1,0.002,6,1,2000,0,0,0,0,0,0,0,0,0,0,0,0,0,0,0,0,0,0,0,19.9483,0,0,0,0,0,0,0,0,0,22.3854,0,0,0,0,0,0,0,0,0,28.8906,0,0,0,0,0,0,0,0,0,0,0,0,0,0,0,0,0,0,0,
SGrid:TD(Case1),1,2000,2000,../../../data/samplesDendrites/2000/sample1.bin,../../../data/samplesAxons/2000/sample2.bin,NL,0,0,1000000,0,0,0,0,0,0,0,0,0.002,0,0.001,0,0,0,0.004,0,0,0,0,0,0,0,0,0,1,1,0,0,0,0,0,0,0,0,0,0,0,0,0,0,0,0,0,0,0,0,0,0,0,0,0,0,0,0,0,0,0,0,0,0,0,0,0,0,0,0,0,0,0,0,0,0,0,0,0,0,0,0,0,0,0,0,0,0,0,0,0,0,0,0,
reTOUCH:BU(Case4),1,2000,2000,../../../data/samplesDendrites/2000/sample2.bin,../../../data/samplesAxons/2000/sample1.bin,SGrid,2,100,4,104,0.0026,418054,1,3,7.5e-05,386,1718,0.015,0,0.001,0.002,0,0.007,0.054,0,0,0.007,0.002,0,42.6829,659,23.122,101.823,165,165,1,0.004,6,0,29,63,142,80,659,641,0,0,0,0,94,72,0,0,32,84,0,0,0,0,16.0576,6.61174,9.87504,10.507,10.4903,10.1045,0,0,0,0,127.74,103.997,0,0,11.7488,50.7437,0,0,0,0,9.50771,3.73372,5.43589,9.09936,8.45533,9.06967,0,0,0,0,195.998,134.937,0,0,19.9418,69.4208,0,0,0,0,
TOUCH:TD(Case1),1,2000,2000,../../../data/samplesDendrites/2000/sample2.bin,../../../data/samplesAxons/2000/sample1.bin,SGrid,2,100,4,21498,0.53745,243000,0,3,7.5e-05,0,1718,0.003,0,0,0.046,0.046,0.008,0.059,0,0,0.008,0,0.001,42.6829,100,27.8293,43.9267,24,24,1,0.046,6,0,2000,0,0,0,0,0,0,0,0,0,94,72,0,0,32,84,0,0,0,0,10.1836,0,0,0,0,0,0,0,0,0,127.74,103.997,0,0,11.7488,50.7437,0,0,0,0,8.10368,0,0,0,0,0,0,0,0,0,195.998,134.937,0,0,19.9418,69.4208,0,0,0,0,
cTOUCH:TD(Case1),1,2000,2000,../../../data/samplesDendrites/2000/sample2.bin,../../../data/samplesAxons/2000/sample1.bin,SGrid,2,1000,4,86,0.00215,17778,3,3,7.5e-05,279,1695,0.003,0,0.001,0.001,0,0.014,0.02,0,0,0.014,0.001,0,7.14286,870,144.714,251.73,15,15,1,0.002,3,0,166,685,870,0,0,0,0,0,0,0,270,20,15,0,0,0,0,0,0,0,9.7982,10.0232,10.2841,0,0,0,0,0,0,0,91.0146,13.1948,69.2393,0,0,0,0,0,0,0,7.3866,8.98112,7.91976,0,0,0,0,0,0,0,144.886,24.8785,101.73,0,0,0,0,0,0,0,
dTOUCH:TD(Case1),1,2000,2000,../../../data/samplesDendrites/2000/sample2.bin,../../../data/samplesAxons/2000/sample1.bin,SGrid,2,100,4,141,0.003525,18074,0,3,7.5e-05,1777,1718,0.003,0,0.002,0.001,0,0.007,0.015,0,0,0.007,0.002,0,16.6667,153,59,52.6878,45,45,1,0.003,6,2,2000,0,0,0,0,0,0,0,0,0,169,54,0,0,0,0,0,0,0,0,10.1836,0,0,0,0,0,0,0,0,0,49.6874,111.42,0,0,30.1084,11.684,0,0,0,0,8.10368,0,0,0,0,0,0,0,0,0,70.6106,149.401,0,0,44.6896,2.36885,0,0,0,0,
SGrid:TD(Case1),1,2000,2000,../../../data/samplesDendrites/2000/sample2.bin,../../../data/samplesAxons/2000/sample1.bin,NL,0,0,1000000,197,0.004925,0,0,3,7.5e-05,0,0,0.002,0,0.001,0.001,0,0,0.004,0,0,0,0,0,0,0,0,0,1,1,0,0.001,0,0,0,0,0,0,0,0,0,0,0,0,0,0,0,0,0,0,0,0,0,0,0,0,0,0,0,0,0,0,0,0,0,0,0,0,0,0,0,0,0,0,0,0,0,0,0,0,0,0,0,0,0,0,0,0,0,0,0,0,0,0,
reTOUCH:BU(Case4),1,2000,2000,../../../data/samplesDendrites/2000/sample2.bin,../../../data/samplesAxons/2000/sample2.bin,SGrid,2,100,4,0,0,0,0,0,0,482,2000,0.006,0,0.001,0.001,0,0.011,0.02,0,0,0.011,0.001,0,50,659,18.5122,100.866,165,165,1,0.002,6,0,0,0,142,80,659,637,0,0,0,0,0,0,0,0,0,0,0,0,0,0,0,0,9.87504,10.507,10.4903,10.1355,0,0,0,0,0,0,0,0,0,0,0,0,0,0,0,0,5.43589,9.09936,8.45533,9.08843,0,0,0,0,0,0,0,0,0,0,0,0,0,0,
TOUCH:TD(Case1),1,2000,2000,../../../data/samplesDendrites/2000/sample2.bin,../../../data/samplesAxons/2000/sample2.bin,SGrid,2,100,4,0,0,0,0,0,0,0,2000,0.006,0,0,0,0,0.005,0.011,0,0,0.005,0,0,50,100,24.3902,42.9435,21,21,1,0,6,0,2000,0,0,0,0,0,0,0,0,0,0,0,0,0,0,0,0,0,0,0,10.1836,0,0,0,0,0,0,0,0,0,0,0,0,0,0,0,0,0,0,0,8.10368,0,0,0,0,0,0,0,0,0,0,0,0,0,0,0,0,0,0,0,
cTOUCH:TD(Case1),1,2000,2000,../../../data/samplesDendrites/2000/sample2.bin,../../../data/samplesAxons/2000/sample2.bin,SGrid,2,1000,4,0,0,0,0,0,0,2000,2000,0.005,0,0,0,0,0.016,0.022,0,0,0.015,0,0,50,0,0,0,15,15,1,0,3,0,0,0,0,0,0,0,0,0,0,0,0,0,0,0,0,0,0,0,0,0,0,0,0,0,0,0,0,0,0,0,0,0,0,0,0,0,0,0,0,0,0,0,0,0,0,0,0,0,0,0,0,0,0,0,0,0,0,0,0,0,
dTOUCH:TD(Case1),1,2000,2000,../../../data/samplesDendrites/2000/sample2.bin,../../../data/samplesAxons/2000/sample2.bin,SGrid,2,100,4,0,0,0,0,0,0,0,2000,0.006,0,0.002,0,0,0.009,0.018,0,0,0.008,0.001,0,50,100,24.3902,42.9435,41,41,1,0.001,6,6,2000,0,0,0,0,0,0,0,0,0,2000,0,0,0,0,0,0,0,0,0,10.1836,0,0,0,0,0,0,0,0,0,0,0,0,0,0,0,0,0,0,0,8.10368,0,0,0,0,0,0,0,0,0,0,0,0,0,0,0,0,0,0,0,
SGrid:TD(Case1),1,2000,2000,../../../data/samplesDendrites/2000/sample2.bin,../../../data/samplesAxons/2000/sample2.bin,NL,0,0,1000000,0,0,0,0,0,0,0,0,0.003,0,0.001,0.001,0,0,0.006,0,0,0,0,0,0,0,0,0,1,1,0,0.001,0,0,0,0,0,0,0,0,0,0,0,0,0,0,0,0,0,0,0,0,0,0,0,0,0,0,0,0,0,0,0,0,0,0,0,0,0,0,0,0,0,0,0,0,0,0,0,0,0,0,0,0,0,0,0,0,0,0,0,0,0,0,
reTOUCH:BU(Case4),1,4000,4000,../../../data/samplesDendrites/4000/sample1.bin,../../../data/samplesAxons/4000/sample1.bin,SGrid,2,100,4,566,0.0035375,2287070,12,16,0.0001,215,3372,0.034,0,0.001,0.004,0,0.011,0.314,0,0,0.011,0.001,0,45.0617,1915,27.2407,174.135,325,325,1,0.005,7,0,28,0,161,114,669,1915,898,0,0,0,88,0,54,29,229,228,0,0,0,0,16.2323,0,13.7113,14.9478,17.2136,14.7244,12.3823,0,0,0,62.9387,0,24.0292,31.5398,48.5453,50.6246,0,0,0,0,9.63015,0,12.3951,11.0065,32.3199,21.2792,11.8936,0,0,0,68.8749,0,15.8838,22.6735,88.6147,78.6938,0,0,0,0,
TOUCH:TD(Case1),1,4000,4000,../../../data/samplesDendrites/4000/sample1.bin,../../../data/samplesAxons/4000/sample1.bin,SGrid,2,100,4,155216,0.9701,1149600,3,16,0.0001,0,3372,0.006,0,0,0.335,0.334,0.014,0.356,0,0,0.013,0,0,45.0617,229,28.5679,48.3665,46,46,1,0.335,7,0,4000,0,0,0,0,0,0,0,0,0,88,0,54,29,229,228,0,0,0,0,15.0632,0,0,0,0,0,0,0,0,0,62.9387,0,24.0292,31.5398,48.5453,50.6246,0,0,0,0,21.7725,0,0,0,0,0,0,0,0,0,68.8749,0,15.8838,22.6735,88.6147,78.6938,0,0,0,0,
cTOUCH:TD(Case1),1,4000,4000,../../../data/samplesDendrites/4000/sample1.bin,../../../data/samplesAxons/4000/sample1.bin,SGrid,2,1000,4,688,0.0043,181625,11,16,0.0001,405,3267,0.005,0,0.001,0.004,0.003,0.028,0.041,0,0,0.027,0.002,0,20,1968,144.267,363.557,31,31,1,0.006,4,0,539,1001,1979,76,0,0,0,0,0,0,422,89,199,23,0,0,0,0,0,0,19.5624,13.6323,15.0673,12.3297,0,0,0,0,0,0,45.637,66.8526,66.1319,48.3792,0,0,0,0,0,0,29.6116,21.1476,21.3496,10.5713,0,0,0,0,0,0,104.436,87.2616,103.334,86.9933,0,0,0,0,0,0,
dTOUCH:TD(Case1),1,4000,4000,../../../data/samplesDendrites/4000/sample1.bin,../../../data/samplesAxons/4000/sample1.bin,SGrid,2,100,4,758,0.0047375,353600,29,16,0.0001,2221,3372,0.004,0,0.004,0.004,0.001,0.018,0.03,0,0,0.017,0.003,0,27.2727,656,100.136,176.235,91,91,1,0.007,7,4,4000,0,0,0,0,0,0,0,0,0,646,13,464,656,0,0,0,0,0,0,15.0632,0,0,0,0,0,0,0,0,0,46.5061,0,21.9515,24.0879,52.8593,62.0576,0,0,0,0,21.7725,0,0,0,0,0,0,0,0,0,77.5183,0,10.4651,20.3563,68.0086,127.816,0,0,0,0,
SGrid:TD(Case1),1,4000,4000,../../../data/samplesDendrites/4000/sample1.bin,../../../data/samplesAxons/4000/sample1.bin,NL,0,0,1000000,830,0.0051875,0,16,16,0.0001,0,0,0.006,0,0.002,0.004,0,0,0.013,0,0,0,0,0,0,0,0,0,1,1,0,0.004,0,0,0,0,0,0,0,0,0,0,0,0,0,0,0,0,0,0,0,0,0,0,0,0,0,0,0,0,0,0,0,0,0,0,0,0,0,0,0,0,0,0,0,0,0,0,0,0,0,0,0,0,0,0,0,0,0,0,0,0,0,0,
reTOUCH:BU(Case4),1,4000,4000,../../../data/samplesDendrites/4000/sample1.bin,../../../data/samplesAxons/4000/sample2.bin,SGrid,2,100,4,44,0.000275,1189176,8,4,2.5e-05,243,3661,0.013,0,0.001,0.002,0,0.011,0.096,0,0,0.01,0.001,0,46.2963,1909,25.284,173.378,325,325,1,0.003,7,0,6,0,161,111,669,1909,901,0,0,0,45,0,0,0,21,11,262,0,0,0,24.5917,0,13.7113,15.0456,17.2136,14.7199,12.3788,0,0,0,27.8276,0,0,0,11.0729,77.1275,51.6981,0,0,0,26.8567,0,12.3951,11.0916,32.3199,21.3108,11.8793,0,0,0,24.3979,0,0,0,7.6924,72.862,82.3686,0,0,0,
TOUCH:TD(Case1),1,4000,4000,../../../data/samplesDendrites/4000/sample1.bin,../../../data/samplesAxons/4000/sample2.bin,SGrid,2,100,4,47722,0.298262,1121300,0,4,2.5e-05,0,3661,0.007,0,0,0.104,0.104,0.012,0.123,0,0,0.012,0,0,46.2963,262,26.784,46.7502,44,44,1,0.104,7,0,4000,0,0,0,0,0,0,0,0,0,45,0,0,0,21,11,262,0,0,0,15.0632,0,0,0,0,0,0,0,0,0,27.8276,0,0,0,11.0729,77.1275,51.6981,0,0,0,21.7725,0,0,0,0,0,0,0,0,0,24.3979,0,0,0,7.6924,72.862,82.3686,0,0,0,
cTOUCH:TD(Case1),1,4000,4000,../../../data/samplesDendrites/4000/sample1.bin,../../../data/samplesAxons/4000/sample2.bin,SGrid,2,1000,4,108,0.000675,200532,0,4,2.5e-05,2959,3557,0.004,0,0.002,0.001,0.001,0.028,0.036,0,0,0.027,0,0,33.3333,517,49.4667,131.95,31,31,1,0.001,4,0,488,35,518,0,0,0,0,0,0,0,358,1,84,0,0,0,0,0,0,0,24.407,17.9184,11.8568,0,0,0,0,0,0,0,46.932,39.4983,13.2272,0,0,0,0,0,0,0,38.5013,11.0792,8.32261,0,0,0,0,0,0,0,75.8411,0,24.5508,0,0,0,0,0,0,0,
dTOUCH:TD(Case1),1,4000,4000,../../../data/samplesDendrites/4000/sample1.bin,../../../data/samplesAxons/4000/sample2.bin,SGrid,2,100,4,76,0.000475,20600,2,4,2.5e-05,3657,3661,0.004,0,0.001,0.001,0,0.017,0.025,0,0,0.017,0.002,0,25,224,51.9167,65.7374,87,87,1,0.003,7,3,4000,0,0,0,0,0,0,0,0,0,267,76,0,0,0,0,0,0,0,0,15.0632,0,0,0,0,0,0,0,0,0,50.9482,0,0,0,13.7359,0,38.2199,0,0,0,21.7725,0,0,0,0,0,0,0,0,0,81.2744,0,0,0,3.63844,0,45.0505,0,0,0,
SGrid:TD(Case1),1,4000,4000,../../../data/samplesDendrites/4000/sample1.bin,../../../data/samplesAxons/4000/sample2.bin,NL,0,0,1000000,67,0.00041875,0,8,4,2.5e-05,0,0,0.006,0,0.003,0.001,0,0,0.011,0,0,0,0,0,0,0,0,0,1,1,0,0.001,0,0,0,0,0,0,0,0,0,0,0,0,0,0,0,0,0,0,0,0,0,0,0,0,0,0,0,0,0,0,0,0,0,0,0,0,0,0,0,0,0,0,0,0,0,0,0,0,0,0,0,0,0,0,0,0,0,0,0,0,0,0,
reTOUCH:BU(Case4),1,4000,4000,../../../data/samplesDendrites/4000/sample2.bin,../../../data/samplesAxons/4000/sample1.bin,SGrid,2,100,4,208,0.0013,1192033,0,3,1.875e-05,417,3570,0.015,0,0.001,0.003,0,0.01,0.068,0,0,0.01,0.002,0,45.0617,944,24.7716,114.698,325,325,1,0.005,7,0,1,0,162,880,1150,944,446,0,0,0,63,0,0,178,20,166,3,0,0,0,7.31627,0,10.6211,12.6548,12.4605,9.70089,11.7419,0,0,0,10.4876,0,0,18.1472,11.9885,73.2875,4.80607,0,0,0,0,0,9.04594,22.1754,13.8674,8.18616,11.0946,0,0,0,8.3767,0,0,32.2554,12.1761,102.835,2.55921,0,0,0,
TOUCH:TD(Case1),1,4000,4000,../../../data/samplesDendrites/4000/sample2.bin,../../../data/samplesAxons/4000/sample1.bin,SGrid,2,100,4,55311,0.345694,723900,0,3,1.875e-05,0,3570,0.005,0,0,0.122,0.122,0.015,0.142,0,0,0.014,0,0,45.0617,178,27.3457,45.8975,46,46,1,0.122,7,0,4000,0,0,0,0,0,0,0,0,0,63,0,0,178,20,166,3,0,0,0,11.7236,0,0,0,0,0,0,0,0,0,10.4876,0,0,18.1472,11.9885,73.2875,4.80607,0,0,0,14.566,0,0,0,0,0,0,0,0,0,8.3767,0,0,32.2554,12.1761,102.835,2.55921,0,0,0,
cTOUCH:TD(Case1),1,4000,4000,../../../data/samplesDendrites/4000/sample2.bin,../../../data/samplesAxons/4000/sample1.bin,SGrid,2,1000,4,95,0.00059375,73945,1,3,1.875e-05,1535,3602,0.005,0,0.002,0.001,0,0.028,0.037,0,0,0.027,0.001,0,26.6667,1082,95.4333,236.216,31,31,1,0.002,4,0,497,873,1083,12,0,0,0,0,0,0,182,95,100,21,0,0,0,0,0,0,12.8639,12.7724,10.7757,9.74618,0,0,0,0,0,0,24.9796,75.4624,32.5856,50.9315,0,0,0,0,0,0,25.4629,17.1295,10.3622,5.97355,0,0,0,0,0,0,39.7313,117.623,57.4066,90.7117,0,0,0,0,0,0,
dTOUCH:TD(Case1),1,4000,4000,../../../data/samplesDendrites/4000/sample2.bin,../../../data/samplesAxons/4000/sample1.bin,SGrid,2,100,4,682,0.0042625,392080,1,3,1.875e-05,1730,3570,0.006,0,0.003,0.003,0.002,0.015,0.028,0,0,0.015,0.003,0,25,1141,212.5,321.548,87,87,1,0.006,7,3,4000,0,0,0,0,0,0,0,0,0,927,202,1141,0,0,0,0,0,0,0,11.7236,0,0,0,0,0,0,0,0,0,46.861,0,0,19.5994,12.9732,65.9558,0,0,0,0,14.566,0,0,0,0,0,0,0,0,0,83.5363,0,0,33.2103,11.4308,89.6035,0,0,0,0,
SGrid:TD(Case1),1,4000,4000,../../../data/samplesDendrites/4000/sample2.bin,../../../data/samplesAxons/4000/sample1.bin,NL,0,0,1000000,224,0.0014,0,0,3,1.875e-05,0,0,0.004,0,0.002,0.002,0,0,0.008,0,0,0,0,0,0,0,0,0,1,1,0,0.002,0,0,0,0,0,0,0,0,0,0,0,0,0,0,0,0,0,0,0,0,0,0,0,0,0,0,0,0,0,0,0,0,0,0,0,0,0,0,0,0,0,0,0,0,0,0,0,0,0,0,0,0,0,0,0,0,0,0,0,0,0,0,
reTOUCH:BU(Case4),1,4000,4000,../../../data/samplesDendrites/4000/sample2.bin,../../../data/samplesAxons/4000/sample2.bin,SGrid,2,100,4,0,0,797382,0,0,0,423,3707,0.007,0,0.001,0.002,0,0.015,0.025,0,0,0.015,0.002,0,46.2963,942,23.8889,113.631,325,325,1,0.004,7,0,14,0,152,889,1134,942,446,0,0,0,4,0,0,165,84,0,40,0,0,0,11.7847,0,10.5183,12.601,12.5431,9.70701,11.7419,0,0,0,98.3733,0,0,16.5372,59.7317,0,16.3466,0,0,0,6.84273,0,9.27451,22.0704,13.9499,8.19269,11.0946,0,0,0,87.6903,0,0,27.733,67.3095,0,20.0564,0,0,0,
TOUCH:TD(Case1),1,4000,4000,../../../data/samplesDendrites/4000/sample2.bin,../../../data/samplesAxons/4000/sample2.bin,SGrid,2,100,4,43529,0.272056,426800,0,0,0,0,3707,0.005,0,0.001,0.098,0.098,0.015,0.12,0,0,0.015,0,0,46.2963,140,26.5,44.1046,45,45,1,0.098,7,0,4000,0,0,0,0,0,0,0,0,0,4,0,0,165,84,0,40,0,0,0,11.7236,0,0,0,0,0,0,0,0,0,98.3733,0,0,16.5372,59.7317,0,16.3466,0,0,0,14.566,0,0,0,0,0,0,0,0,0,87.6903,0,0,27.733,67.3095,0,20.0564,0,0,0,
cTOUCH:TD(Case1),1,4000,4000,../../../data/samplesDendrites/4000/sample2.bin,../../../data/samplesAxons/4000/sample2.bin,SGrid,2,1000,4,0,0,10431,0,0,0,2990,3843,0.006,0,0.001,0,0,0.026,0.035,0,0,0.025,0.001,0,30,532,38.9,117.704,31,31,1,0.001,4,0,535,34,441,0,0,0,0,0,0,0,56,39,62,0,0,0,0,0,0,0,14.3046,8.58979,12.5475,0,0,0,0,0,0,0,65.4622,49.4772,37.0889,0,0,0,0,0,0,0,29.3522,4.64533,13.1095,0,0,0,0,0,0,0,74.1185,48.8524,49.3219,0,0,0,0,0,0,0,
dTOUCH:TD(Case1),1,4000,4000,../../../data/samplesDendrites/4000/sample2.bin,../../../data/samplesAxons/4000/sample2.bin,SGrid,2,100,4,134,0.0008375,33000,0,0,0,1797,3707,0.009,0,0.002,0.003,0.001,0.013,0.028,0,0,0.013,0.001,0.001,25,2153,201.25,589.635,87,87,1,0.004,7,3,4000,0,0,0,0,0,0,0,0,0,2203,0,0,0,0,0,0,0,0,0,11.7236,0,0,0,0,0,0,0,0,0,32.6807,0,0,14.3019,43.956,0,12.4027,0,0,0,14.566,0,0,0,0,0,0,0,0,0,50.4249,0,0,26.5152,43.0456,0,3.2914,0,0,0,
SGrid:TD(Case1),1,4000,4000,../../../data/samplesDendrites/4000/sample2.bin,../../../data/samplesAxons/4000/sample2.bin,NL,0,0,1000000,54,0.0003375,0,0,0,0,0,0,0.004,0,0.003,0.003,0,0,0.011,0,0,0,0,0,0,0,0,0,1,1,0,0.003,0,0,0,0,0,0,0,0,0,0,0,0,0,0,0,0,0,0,0,0,0,0,0,0,0,0,0,0,0,0,0,0,0,0,0,0,0,0,0,0,0,0,0,0,0,0,0,0,0,0,0,0,0,0,0,0,0,0,0,0,0,0,
reTOUCH:BU(Case4),1,6000,6000,../../../data/samplesDendrites/6000/sample1.bin,../../../data/samplesAxons/6000/sample1.bin,SGrid,2,100,4,461,0.00128056,6167546,21,20,5.55556e-05,257,4839,0.222,0,0.001,0.006,0,0.018,0.388,0,0,0.017,0.001,0,46.6667,3435,28.7667,239.992,481,481,1,0.007,7,0,0,0,202,389,590,1127,3435,0,0,0,66,0,0,32,30,318,715,0,0,0,0,0,8.73406,19.55,10.2924,13.352,13.9475,0,0,0,126.912,0,0,39.1257,31.7225,42.7776,55.5882,0,0,0,0,0,6.02273,21.2231,9.6247,25.4527,18.3667,0,0,0,226.916,0,0,28.3623,21.6303,76.4752,86.7501,0,0,0,
TOUCH:TD(Case1),1,6000,6000,../../../data/samplesDendrites/6000/sample1.bin,../../../data/samplesAxons/6000/sample1.bin,SGrid,2,100,4,435198,1.20888,5387800,0,20,5.55556e-05,0,4839,0.006,0,0,0.933,0.933,0.022,0.961,0,0,0.022,0,0,46.6667,715,29.8375,64.6705,66,66,1,0.933,7,0,6000,0,0,0,0,0,0,0,0,0,66,0,0,32,30,318,715,0,0,0,13.5264,0,0,0,0,0,0,0,0,0,126.912,0,0,39.1257,31.7225,42.7776,55.5882,0,0,0,19.0607,0,0,0,0,0,0,0,0,0,226.916,0,0,28.3623,21.6303,76.4752,86.7501,0,0,0,
cTOUCH:TD(Case1),1,6000,6000,../../../data/samplesDendrites/6000/sample1.bin,../../../data/samplesAxons/6000/sample1.bin,SGrid,2,1000,4,400,0.00111111,236444,21,20,5.55556e-05,809,4621,0.009,0,0.003,0.003,0.001,0.039,0.058,0,0,0.038,0.003,0,25,2147,136.875,357.015,49,49,1,0.006,5,0,1370,128,1544,2,2147,0,0,0,0,0,654,215,18,2,490,0,0,0,0,0,14.4012,12.5701,14.6871,6.63128,13.9001,0,0,0,0,0,33.0889,77.0357,87.4318,3.37098,78.1202,0,0,0,0,0,25.1015,8.95475,23.0867,1.85923,13.3087,0,0,0,0,0,58.0441,108.673,99.5594,1.66484,140.745,0,0,0,0,0,
dTOUCH:TD(Case1),1,6000,6000,../../../data/samplesDendrites/6000/sample1.bin,../../../data/samplesAxons/6000/sample1.bin,SGrid,2,100,4,430,0.00119444,1462000,16,20,5.55556e-05,1626,4839,0.01,0,0.007,0.006,0,0.022,0.043,0,0,0.022,0.003,0,26.087,3206,116.913,470.315,143,143,1,0.009,7,5,6000,0,0,0,0,0,0,0,0,0,788,0,380,0,3206,0,0,0,0,0,13.5264,0,0,0,0,0,0,0,0,0,51.6626,0,0,41.546,35.8065,42.7578,42.5232,0,0,0,19.0607,0,0,0,0,0,0,0,0,0,83.6078,0,0,37.8202,25.9088,50.5017,75.1767,0,0,0,
SGrid:TD(Case1),1,6000,6000,../../../data/samplesDendrites/6000/sample1.bin,../../../data/samplesAxons/6000/sample1.bin,NL,0,0,1000000,1328,0.00368889,0,10,20,5.55556e-05,0,0,0.007,0,0.003,0.006,0,0,0.017,0,0,0,0,0,0,0,0,0,1,1,0,0.006,0,0,0,0,0,0,0,0,0,0,0,0,0,0,0,0,0,0,0,0,0,0,0,0,0,0,0,0,0,0,0,0,0,0,0,0,0,0,0,0,0,0,0,0,0,0,0,0,0,0,0,0,0,0,0,0,0,0,0,0,0,0,
reTOUCH:BU(Case4),1,6000,6000,../../../data/samplesDendrites/6000/sample1.bin,../../../data/samplesAxons/6000/sample2.bin,SGrid,2,100,4,353,0.000980556,2597372,21,26,7.22222e-05,261,5498,0.024,0,0.002,0.005,0,0.017,0.069,0,0,0.017,0.002,0,47.5,3429,26.0042,235.709,481,481,1,0.007,7,0,1,0,202,390,590,1127,3429,0,0,0,13,0,0,151,0,7,331,0,0,0,70.2029,0,8.73406,19.5587,10.2924,13.352,13.9318,0,0,0,65.1867,0,0,89.4961,0,32.8537,93.0984,0,0,0,0,0,6.02273,21.1966,9.6247,25.4527,18.3766,0,0,0,122.228,0,0,113.04,0,10.6925,167.174,0,0,0,
TOUCH:TD(Case1),1,6000,6000,../../../data/samplesDendrites/6000/sample1.bin,../../../data/samplesAxons/6000/sample2.bin,SGrid,2,100,4,197074,0.547428,2127700,0,26,7.22222e-05,0,5498,0.006,0,0,0.418,0.418,0.023,0.447,0,0,0.022,0,0,47.5,331,27.0917,48.146,64,64,1,0.418,7,0,6000,0,0,0,0,0,0,0,0,0,13,0,0,151,0,7,331,0,0,0,13.5264,0,0,0,0,0,0,0,0,0,65.1867,0,0,89.4961,0,32.8537,93.0984,0,0,0,19.0607,0,0,0,0,0,0,0,0,0,122.228,0,0,113.04,0,10.6925,167.174,0,0,0,
cTOUCH:TD(Case1),1,6000,6000,../../../data/samplesDendrites/6000/sample1.bin,../../../data/samplesAxons/6000/sample2.bin,SGrid,2,1000,4,257,0.000713889,35383,27,26,7.22222e-05,3682,5473,0.011,0,0.002,0.002,0,0.037,0.053,0,0,0.036,0.001,0,41.6667,1561,59.2708,234.377,49,49,1,0.003,5,0,460,163,134,0,1561,0,0,0,0,0,7,292,16,0,212,0,0,0,0,0,17.0581,30.6503,14.2222,0,13.0742,0,0,0,0,0,50.1186,93.0326,31.9317,0,92.4734,0,0,0,0,0,13.0175,59.5583,8.97005,0,12.8783,0,0,0,0,0,38.4655,144.229,36.2118,0,159.254,0,0,0,0,0,
dTOUCH:TD(Case1),1,6000,6000,../../../data/samplesDendrites/6000/sample1.bin,../../../data/samplesAxons/6000/sample2.bin,SGrid,2,100,4,322,0.000894444,438768,30,26,7.22222e-05,4442,5498,0.009,0,0.004,0.003,0.002,0.022,0.039,0,0,0.021,0.004,0,27.2727,1069,89.8636,222.423,131,131,1,0.007,7,4,6000,0,0,0,0,0,0,0,0,0,316,0,1069,173,0,0,0,0,0,0,13.5264,0,0,0,0,0,0,0,0,0,89.5625,0,0,97.4754,0,41.337,121.104,0,0,0,19.0607,0,0,0,0,0,0,0,0,0,154.93,0,0,133.071,0,0,101.761,0,0,0,
SGrid:TD(Case1),1,6000,6000,../../../data/samplesDendrites/6000/sample1.bin,../../../data/samplesAxons/6000/sample2.bin,NL,0,0,1000000,544,0.00151111,0,23,26,7.22222e-05,0,0,0.014,0,0.002,0.004,0,0,0.021,0,0,0,0,0,0,0,0,0,1,1,0,0.004,0,0,0,0,0,0,0,0,0,0,0,0,0,0,0,0,0,0,0,0,0,0,0,0,0,0,0,0,0,0,0,0,0,0,0,0,0,0,0,0,0,0,0,0,0,0,0,0,0,0,0,0,0,0,0,0,0,0,0,0,0,0,
reTOUCH:BU(Case4),1,6000,6000,../../../data/samplesDendrites/6000/sample2.bin,../../../data/samplesAxons/6000/sample1.bin,SGrid,2,100,4,916,0.00254444,11912166,11,27,7.5e-05,347,3747,0.016,0,0.001,0.007,0,0.017,0.108,0,0,0.016,0.004,0,46.6667,3191,32.9417,264.865,481,481,1,0.011,7,0,0,0,183,0,37,2242,3191,0,0,0,158,0,9,0,151,391,1544,0,0,0,0,0,10.8019,0,12.9064,13.8243,11.4567,0,0,0,85.1179,0,42.0066,0,20.439,69.2648,68.2821,0,0,0,0,0,7.93457,0,12.0444,15.3653,19.6427,0,0,0,170.18,0,30.5816,0,34.6015,95.9549,118.485,0,0,0,
TOUCH:TD(Case1),1,6000,6000,../../../data/samplesDendrites/6000/sample2.bin,../../../data/samplesAxons/6000/sample1.bin,SGrid,2,100,4,618299,1.7175,10710200,0,27,7.5e-05,0,3747,0.008,0,0.001,1.335,1.334,0.022,1.366,0,0,0.022,0.001,0,46.6667,1544,34.3875,108.404,66,66,1,1.336,7,0,6000,0,0,0,0,0,0,0,0,0,158,0,9,0,151,391,1544,0,0,0,12.2683,0,0,0,0,0,0,0,0,0,85.1179,0,42.0066,0,20.439,69.2648,68.2821,0,0,0,17.3465,0,0,0,0,0,0,0,0,0,170.18,0,30.5816,0,34.6015,95.9549,118.485,0,0,0,
cTOUCH:TD(Case1),1,6000,6000,../../../data/samplesDendrites/6000/sample2.bin,../../../data/samplesAxons/6000/sample1.bin,SGrid,2,1000,4,2786,0.00773889,887962,13,27,7.5e-05,1075,3101,0.009,0,0.003,0.01,0.007,0.038,0.063,0,0,0.037,0.002,0,31.25,3755,163,602.028,49,49,1,0.012,5,0,387,362,225,196,3755,0,0,0,0,0,479,410,3,10,1997,0,0,0,0,0,9.89954,16.0141,14.4471,12.1299,10.8769,0,0,0,0,0,83.6701,69.7692,39.112,30.1129,53.0025,0,0,0,0,0,8.75807,31.7878,14.2888,14.4015,16.3199,0,0,0,0,0,134.344,138.474,9.49245,32.9289,91.8474,0,0,0,0,0,
dTOUCH:TD(Case1),1,6000,6000,../../../data/samplesDendrites/6000/sample2.bin,../../../data/samplesAxons/6000/sample1.bin,SGrid,2,100,4,947,0.00263056,840154,13,27,7.5e-05,1592,3747,0.007,0,0.008,0.007,0.005,0.026,0.046,0,0,0.026,0.004,0,25.6098,1068,76.9512,169.922,161,161,1,0.011,7,6,6000,0,0,0,0,0,0,0,0,0,2444,579,105,606,379,295,0,0,0,0,12.2683,0,0,0,0,0,0,0,0,0,64.2423,0,36.6492,0,22.6415,72.6599,90.2286,0,0,0,17.3465,0,0,0,0,0,0,0,0,0,106.362,0,5.72565,0,35.3925,103.732,186.152,0,0,0,
SGrid:TD(Case1),1,6000,6000,../../../data/samplesDendrites/6000/sample2.bin,../../../data/samplesAxons/6000/sample1.bin,NL,0,0,1000000,1364,0.00378889,0,13,27,7.5e-05,0,0,0.006,0,0.003,0.007,0,0,0.017,0,0,0,0,0,0,0,0,0,1,1,0,0.007,0,0,0,0,0,0,0,0,0,0,0,0,0,0,0,0,0,0,0,0,0,0,0,0,0,0,0,0,0,0,0,0,0,0,0,0,0,0,0,0,0,0,0,0,0,0,0,0,0,0,0,0,0,0,0,0,0,0,0,0,0,0,
reTOUCH:BU(Case4),1,6000,6000,../../../data/samplesDendrites/6000/sample2.bin,../../../data/samplesAxons/6000/sample2.bin,SGrid,2,100,4,6,1.66667e-05,7378399,0,0,0,305,4665,0.014,0,0.001,0.004,0,0.019,0.039,0,0,0.018,0.002,0,46.6667,3192,29.2917,257.48,481,481,1,0.006,7,0,30,0,183,0,37,2253,3192,0,0,0,46,0,29,0,0,47,1213,0,0,0,14.8345,0,10.8019,0,12.9064,13.7955,11.4539,0,0,0,129.019,0,70.3902,0,0,29.265,55.2019,0,0,0,5.43524,0,7.93457,0,12.0444,15.3352,19.64,0,0,0,215.872,0,80.6995,0,0,38.0709,107.875,0,0,0,
TOUCH:TD(Case1),1,6000,6000,../../../data/samplesDendrites/6000/sample2.bin,../../../data/samplesAxons/6000/sample2.bin,SGrid,2,100,4,189876,0.527433,7435800,0,0,0,0,4665,0.009,0,0,0.436,0.435,0.017,0.463,0,0,0.016,0,0,46.6667,1213,30.5625,87.8,65,65,1,0.436,7,0,6000,0,0,0,0,0,0,0,0,0,46,0,29,0,0,47,1213,0,0,0,12.2683,0,0,0,0,0,0,0,0,0,129.019,0,70.3902,0,0,29.265,55.2019,0,0,0,17.3465,0,0,0,0,0,0,0,0,0,215.872,0,80.6995,0,0,38.0709,107.875,0,0,0,
cTOUCH:TD(Case1),1,6000,6000,../../../data/samplesDendrites/6000/sample2.bin,../../../data/samplesAxons/6000/sample2.bin,SGrid,2,1000,4,6,1.66667e-05,371457,0,0,0,3871,4940,0.011,0,0.002,0.001,0,0.035,0.05,0,0,0.034,0.001,0,37.5,1181,66.4375,198.008,49,49,1,0.002,5,0,460,400,33,55,1181,0,0,0,0,0,102,453,77,0,428,0,0,0,0,0,8.84221,9.39414,10.0143,8.81846,11.4261,0,0,0,0,0,91.4205,54.3173,114.654,0,61.8534,0,0,0,0,0,6.09885,10.111,5.7288,5.0128,20.9147,0,0,0,0,0,136.367,81.5165,212.284,0,123.496,0,0,0,0,0,
dTOUCH:TD(Case1),1,6000,6000,../../../data/samplesDendrites/6000/sample2.bin,../../../data/samplesAxons/6000/sample2.bin,SGrid,2,100,4,53,0.000147222,239000,0,0,0,3953,4665,0.008,0,0.004,0.002,0,0.022,0.038,0,0,0.021,0.004,0,25.9259,860,60.2222,134.589,147,147,1,0.006,7,5,6000,0,0,0,0,0,0,0,0,0,1340,333,129,173,72,0,0,0,0,0,12.2683,0,0,0,0,0,0,0,0,0,55.2824,0,57.0215,0,0,21.3223,44.8325,0,0,0,17.3465,0,0,0,0,0,0,0,0,0,107.518,0,69.9595,0,0,15.9308,76.2077,0,0,0,
SGrid:TD(Case1),1,6000,6000,../../../data/samplesDendrites/6000/sample2.bin,../../../data/samplesAxons/6000/sample2.bin,NL,0,0,1000000,38,0.000105556,0,0,0,0,0,0,0.006,0,0.002,0.001,0,0,0.009,0,0,0,0,0,0,0,0,0,1,1,0,0.001,0,0,0,0,0,0,0,0,0,0,0,0,0,0,0,0,0,0,0,0,0,0,0,0,0,0,0,0,0,0,0,0,0,0,0,0,0,0,0,0,0,0,0,0,0,0,0,0,0,0,0,0,0,0,0,0,0,0,0,0,0,0,
reTOUCH:BU(Case4),1,8000,8000,../../../data/samplesDendrites/8000/sample1.bin,../../../data/samplesAxons/8000/sample1.bin,SGrid,2,100,4,1090,0.00170312,11131609,12,23,3.59375e-05,337,6451,0.046,0,0.002,0.009,0,0.025,0.177,0,0,0.023,0.003,0,46.5839,2359,28.6087,222.473,645,645,1,0.012,8,0,23,0,131,405,5,2686,2116,2297,0,0,130,0,5,111,0,350,221,732,0,0,10.045,0,9.63553,7.7018,6.06015,14.1965,12.9937,14.1533,0,0,77.0065,0,7.7839,29.9682,0,38.3325,33.1515,47.6537,0,0,5.93351,0,9.27286,5.64239,1.46702,20.1979,13.0254,23.0068,0,0,171.788,0,4.32853,27.2637,0,74.2389,59.3553,78.944,0,0,
TOUCH:TD(Case1),1,8000,8000,../../../data/samplesDendrites/8000/sample1.bin,../../../data/samplesAxons/8000/sample1.bin,SGrid,2,100,4,461313,0.720802,8494200,0,23,3.59375e-05,0,6451,0.009,0,0,0.995,0.994,0.026,1.03,0,0,0.025,0.001,0,46.5839,732,29.6553,60.9429,89,89,1,0.996,8,0,8000,0,0,0,0,0,0,0,0,0,130,0,5,111,0,350,221,732,0,0,13.3932,0,0,0,0,0,0,0,0,0,77.0065,0,7.7839,29.9682,0,38.3325,33.1515,47.6537,0,0,18.5983,0,0,0,0,0,0,0,0,0,171.788,0,4.32853,27.2637,0,74.2389,59.3553,78.944,0,0,
cTOUCH:TD(Case1),1,8000,8000,../../../data/samplesDendrites/8000/sample1.bin,../../../data/samplesAxons/8000/sample1.bin,SGrid,2,1000,4,1176,0.0018375,1100290,17,23,3.59375e-05,1309,6740,0.013,0,0.004,0.006,0.002,0.053,0.08,0,0,0.05,0.003,0,27.4194,2793,128.242,411.143,63,63,1,0.009,5,0,915,1132,194,4360,90,0,0,0,0,0,757,188,145,140,30,0,0,0,0,0,13.2574,12.1297,7.97494,14.3655,11.6866,0,0,0,0,0,24.318,62.4573,49.9669,74.1099,40.7836,0,0,0,0,0,22.4837,9.38603,4.76309,20.984,9.48269,0,0,0,0,0,37.0969,92.2966,78.8667,108.293,77.5732,0,0,0,0,0,
dTOUCH:TD(Case1),1,8000,8000,../../../data/samplesDendrites/8000/sample1.bin,../../../data/samplesAxons/8000/sample1.bin,SGrid,2,100,4,1496,0.0023375,2648300,10,23,3.59375e-05,1331,6451,0.008,0,0.012,0.012,0.007,0.029,0.056,0,0,0.028,0.003,0,25.9259,4518,146.37,656.533,187,187,1,0.015,8,5,8000,0,0,0,0,0,0,0,0,0,170,0,1981,0,4518,0,0,0,0,0,13.3932,0,0,0,0,0,0,0,0,0,42.7214,0,9.35594,29.0581,0,28.0257,50.4486,47.4532,0,0,18.5983,0,0,0,0,0,0,0,0,0,74.8597,0,3.32621,25.7017,0,38.0909,81.4702,70.2839,0,0,
SGrid:TD(Case1),1,8000,8000,../../../data/samplesDendrites/8000/sample1.bin,../../../data/samplesAxons/8000/sample1.bin,NL,0,0,1000000,1579,0.00246719,0,11,23,3.59375e-05,0,0,0.017,0,0.003,0.005,0,0,0.026,0,0,0,0,0,0,0,0,0,1,1,0,0.005,0,0,0,0,0,0,0,0,0,0,0,0,0,0,0,0,0,0,0,0,0,0,0,0,0,0,0,0,0,0,0,0,0,0,0,0,0,0,0,0,0,0,0,0,0,0,0,0,0,0,0,0,0,0,0,0,0,0,0,0,0,0,
reTOUCH:BU(Case4),1,8000,8000,../../../data/samplesDendrites/8000/sample1.bin,../../../data/samplesAxons/8000/sample2.bin,SGrid,2,100,4,266,0.000415625,6572503,31,26,4.0625e-05,360,6990,0.024,0,0.002,0.006,0,0.023,0.076,0,0,0.023,0.005,0,47.8261,2354,26.8634,220.042,645,645,1,0.011,8,0,11,0,131,405,0,2684,2121,2288,0,0,39,0,0,89,0,237,123,522,0,0,23.9364,0,9.63553,7.7018,0,14.2028,12.9773,14.1234,0,0,30.1879,0,0,18.0772,0,52.4038,86.7914,65.0495,0,0,19.3854,0,9.27286,5.64239,0,20.2057,13.0146,23.0385,0,0,39.2814,0,0,14.5448,0,92.6989,105.49,136.034,0,0,
TOUCH:TD(Case1),1,8000,8000,../../../data/samplesDendrites/8000/sample1.bin,../../../data/samplesAxons/8000/sample2.bin,SGrid,2,100,4,254522,0.397691,5796700,0,26,4.0625e-05,0,6990,0.012,0,0.001,0.544,0.544,0.024,0.582,0,0,0.023,0,0,47.8261,522,27.9814,52.6179,86,86,1,0.544,8,0,8000,0,0,0,0,0,0,0,0,0,39,0,0,89,0,237,123,522,0,0,13.3932,0,0,0,0,0,0,0,0,0,30.1879,0,0,18.0772,0,52.4038,86.7914,65.0495,0,0,18.5983,0,0,0,0,0,0,0,0,0,39.2814,0,0,14.5448,0,92.6989,105.49,136.034,0,0,
cTOUCH:TD(Case1),1,8000,8000,../../../data/samplesDendrites/8000/sample1.bin,../../../data/samplesAxons/8000/sample2.bin,SGrid,2,1000,4,285,0.000445313,254341,28,26,4.0625e-05,3127,7365,0.012,0,0.003,0.003,0.001,0.054,0.075,0,0,0.051,0.002,0,35.4839,1483,88.8387,257.477,63,63,1,0.005,5,0,1024,551,54,2548,696,0,0,0,0,0,252,201,23,31,128,0,0,0,0,0,12.4776,21.4452,9.68333,13.3713,13.7013,0,0,0,0,0,59.7699,83.2898,69.011,23.8821,90.508,0,0,0,0,0,11.2393,34.5732,7.18287,19.6409,12.3902,0,0,0,0,0,150.031,144.003,86.3714,33.388,108.606,0,0,0,0,0,
dTOUCH:TD(Case1),1,8000,8000,../../../data/samplesDendrites/8000/sample1.bin,../../../data/samplesAxons/8000/sample2.bin,SGrid,2,100,4,453,0.000707812,313193,19,26,4.0625e-05,5477,6990,0.01,0,0.004,0.004,0,0.028,0.048,0,0,0.027,0.005,0,27.5,872,84.35,169.311,179,179,1,0.009,8,5,8000,0,0,0,0,0,0,0,0,0,1757,155,270,165,176,0,0,0,0,0,13.3932,0,0,0,0,0,0,0,0,0,63.4079,0,0,17.2047,0,42.2172,72.5686,51.7416,0,0,18.5983,0,0,0,0,0,0,0,0,0,122.042,0,0,10.1518,0,80.7239,111.182,68.0442,0,0,
SGrid:TD(Case1),1,8000,8000,../../../data/samplesDendrites/8000/sample1.bin,../../../data/samplesAxons/8000/sample2.bin,NL,0,0,1000000,634,0.000990625,0,19,26,4.0625e-05,0,0,0.011,0,0.003,0.003,0,0,0.017,0,0,0,0,0,0,0,0,0,1,1,0,0.003,0,0,0,0,0,0,0,0,0,0,0,0,0,0,0,0,0,0,0,0,0,0,0,0,0,0,0,0,0,0,0,0,0,0,0,0,0,0,0,0,0,0,0,0,0,0,0,0,0,0,0,0,0,0,0,0,0,0,0,0,0,0,
reTOUCH:BU(Case4),1,8000,8000,../../../data/samplesDendrites/8000/sample2.bin,../../../data/samplesAxons/8000/sample1.bin,SGrid,2,100,4,1211,0.00189219,20155266,27,39,6.09375e-05,501,5286,0.084,0,0.002,0.009,0,0.023,0.179,0,0,0.022,0.006,0,46.2733,4470,31.7174,302.026,645,645,1,0.015,8,0,0,1,274,47,0,166,4470,2541,0,0,49,8,29,14,0,626,1638,350,0,0,0,10.0443,11.2045,16.0338,0,6.33928,13.2488,11.8967,0,0,28.2933,22.0667,26.4092,21.8355,0,75.8431,50.0727,49.3132,0,0,0,0,7.62467,18.3787,0,4.73238,17.8662,16.374,0,0,44.2615,8.43907,21.6212,8.33615,0,137.844,83.0039,101.112,0,0,
TOUCH:TD(Case1),1,8000,8000,../../../data/samplesDendrites/8000/sample2.bin,../../../data/samplesAxons/8000/sample1.bin,SGrid,2,100,4,886415,1.38502,15315700,3,39,6.09375e-05,0,5286,0.015,0,0,1.92,1.92,0.024,1.96,0,0,0.024,0,0,46.2733,1638,33.2733,106.354,88,88,1,1.92,8,0,8000,0,0,0,0,0,0,0,0,0,49,8,29,14,0,626,1638,350,0,0,12.5504,0,0,0,0,0,0,0,0,0,28.2933,22.0667,26.4092,21.8355,0,75.8431,50.0727,49.3132,0,0,16.6211,0,0,0,0,0,0,0,0,0,44.2615,8.43907,21.6212,8.33615,0,137.844,83.0039,101.112,0,0,
cTOUCH:TD(Case1),1,8000,8000,../../../data/samplesDendrites/8000/sample2.bin,../../../data/samplesAxons/8000/sample1.bin,SGrid,2,1000,4,1440,0.00225,798765,38,39,6.09375e-05,2341,5012,0.011,0,0.004,0.007,0.005,0.052,0.077,0,0,0.05,0.003,0,30.6452,1689,139.468,300.904,63,63,1,0.01,5,0,920,1000,1571,479,1689,0,0,0,0,0,815,242,1305,115,511,0,0,0,0,0,10.6008,10.3434,12.7054,15.2218,12.4389,0,0,0,0,0,41.8171,34.6033,67.4602,75.3587,67.5242,0,0,0,0,0,13.6526,13.0001,19.2552,23.6977,17.3135,0,0,0,0,0,89.5982,66.8948,116.182,112.158,105.916,0,0,0,0,0,
dTOUCH:TD(Case1),1,8000,8000,../../../data/samplesDendrites/8000/sample2.bin,../../../data/samplesAxons/8000/sample1.bin,SGrid,2,100,4,1436,0.00224375,1719903,29,39,6.09375e-05,2393,5286,0.01,0,0.011,0.011,0.006,0.033,0.06,0,0,0.032,0.005,0.001,25.5319,2843,84.0851,311.617,207,207,1,0.016,8,6,8000,0,0,0,0,0,0,0,0,0,1156,96,606,0,906,2843,0,0,0,0,12.5504,0,0,0,0,0,0,0,0,0,54.9565,22.4483,22.2127,20.4541,0,82.9042,52.8764,32.8754,0,0,16.6211,0,0,0,0,0,0,0,0,0,97.885,8.95693,11.1199,8.55588,0,171.038,79.8799,37.8372,0,0,
SGrid:TD(Case1),1,8000,8000,../../../data/samplesDendrites/8000/sample2.bin,../../../data/samplesAxons/8000/sample1.bin,NL,0,0,1000000,2003,0.00312969,0,19,39,6.09375e-05,0,0,0.01,0,0.004,0.007,0,0,0.022,0,0,0,0,0,0,0,0,0,1,1,0,0.007,0,0,0,0,0,0,0,0,0,0,0,0,0,0,0,0,0,0,0,0,0,0,0,0,0,0,0,0,0,0,0,0,0,0,0,0,0,0,0,0,0,0,0,0,0,0,0,0,0,0,0,0,0,0,0,0,0,0,0,0,0,0,
reTOUCH:BU(Case4),1,8000,8000,../../../data/samplesDendrites/8000/sample2.bin,../../../data/samplesAxons/8000/sample2.bin,SGrid,2,100,4,119,0.000185938,13634352,1,1,1.5625e-06,469,6184,0.011,0,0.002,0.006,0,0.024,0.044,0.001,0,0.023,0.002,0,47.8261,4476,29.028,293.733,645,645,1,0.008,8,0,23,0,272,47,0,166,4476,2547,0,0,35,0,0,35,0,33,863,850,0,0,15.5052,0,11.1862,16.0338,0,6.33928,13.2442,11.9035,0,0,55.6927,0,0,28.2874,0,132.682,43.1029,59.9012,0,0,5.59041,0,7.65182,18.3787,0,4.73238,17.8548,16.3604,0,0,80.8102,0,0,14.6639,0,132.256,93.5145,110.314,0,0,
TOUCH:TD(Case1),1,8000,8000,../../../data/samplesDendrites/8000/sample2.bin,../../../data/samplesAxons/8000/sample2.bin,SGrid,2,100,4,814663,1.27291,12460300,0,1,1.5625e-06,0,6184,0.01,0,0,1.734,1.734,0.027,1.772,0,0,0.025,0,0.001,47.8261,863,30.4845,78.2399,85,85,1,1.734,8,0,8000,0,0,0,0,0,0,0,0,0,35,0,0,35,0,33,863,850,0,0,12.5504,0,0,0,0,0,0,0,0,0,55.6927,0,0,28.2874,0,132.682,43.1029,59.9012,0,0,16.6211,0,0,0,0,0,0,0,0,0,80.8102,0,0,14.6639,0,132.256,93.5145,110.314,0,0,
cTOUCH:TD(Case1),1,8000,8000,../../../data/samplesDendrites/8000/sample2.bin,../../../data/samplesAxons/8000/sample2.bin,SGrid,2,1000,4,492,0.00076875,861618,0,1,1.5625e-06,2352,6329,0.01,0,0.004,0.004,0.003,0.051,0.072,0,0,0.05,0.003,0,37.0968,1897,118.048,309.259,63,63,1,0.007,5,0,1508,150,864,1229,1897,0,0,0,0,0,701,0,644,0,326,0,0,0,0,0,10.4653,13.4162,11.4381,13.5121,12.0052,0,0,0,0,0,46.7386,0,62.0499,0,69.2889,0,0,0,0,0,10.2255,15.104,10.2617,23.7025,17.3773,0,0,0,0,0,97.8469,0,99.1156,0,138.984,0,0,0,0,0,
dTOUCH:TD(Case1),1,8000,8000,../../../data/samplesDendrites/8000/sample2.bin,../../../data/samplesAxons/8000/sample2.bin,SGrid,2,100,4,313,0.000489063,1402800,3,1,1.5625e-06,4483,6184,0.011,0,0.008,0.006,0.003,0.029,0.053,0,0,0.028,0.005,0,27.027,1556,69.2162,197.235,195,195,1,0.011,8,6,8000,0,0,0,0,0,0,0,0,0,909,50,345,657,1556,0,0,0,0,0,12.5504,0,0,0,0,0,0,0,0,0,53.4372,0,0,35.4703,0,119.767,37.4887,42.0784,0,0,16.6211,0,0,0,0,0,0,0,0,0,106.059,0,0,15.25,0,93.0217,64.2547,58.8966,0,0,
SGrid:TD(Case1),1,8000,8000,../../../data/samplesDendrites/8000/sample2.bin,../../../data/samplesAxons/8000/sample2.bin,NL,0,0,1000000,866,0.00135312,0,0,1,1.5625e-06,0,0,0.011,0,0.004,0.005,0,0,0.021,0,0,0,0,0,0,0,0,0,1,1,0,0.005,0,0,0,0,0,0,0,0,0,0,0,0,0,0,0,0,0,0,0,0,0,0,0,0,0,0,0,0,0,0,0,0,0,0,0,0,0,0,0,0,0,0,0,0,0,0,0,0,0,0,0,0,0,0,0,0,0,0,0,0,0,0,
reTOUCH:BU(Case4),1,10000,10000,../../../data/samplesDendrites/10000/sample1.bin,../../../data/samplesAxons/10000/sample1.bin,SGrid,2,100,4,1149,0.001149,16620733,26,41,4.1e-05,546,8183,0.046,0,0.003,0.012,0,0.033,0.162,0,0,0.031,0.007,0,45.5446,5331,27.8985,292.563,809,809,1,0.019,8,0,23,0,202,324,441,1842,1291,5331,0,0,68,1,7,33,16,97,177,1418,0,0,10.045,0,9.91035,22.0182,14.7649,13.9003,11.5713,13.7992,0,0,37.0358,302.264,26.4529,25.6384,43.1116,69.5485,33.1548,54.4436,0,0,5.93351,0,6.14101,22.468,12.8821,21.5369,16.2525,20.5681,0,0,38.5252,0,20.1736,30.2591,45.1326,76.3399,81.9937,92.4968,0,0,
TOUCH:TD(Case1),1,10000,10000,../../../data/samplesDendrites/10000/sample1.bin,../../../data/samplesAxons/10000/sample1.bin,SGrid,2,100,4,807323,0.807323,15685000,0,41,4.1e-05,0,8183,0.013,0,0,1.715,1.715,0.034,1.763,0,0,0.033,0,0.001,45.5446,1418,29.25,81.8339,112,112,1,1.715,8,0,10000,0,0,0,0,0,0,0,0,0,68,1,7,33,16,97,177,1418,0,0,13.6169,0,0,0,0,0,0,0,0,0,37.0358,302.264,26.4529,25.6384,43.1116,69.5485,33.1548,54.4436,0,0,19.4439,0,0,0,0,0,0,0,0,0,38.5252,0,20.1736,30.2591,45.1326,76.3399,81.9937,92.4968,0,0,
cTOUCH:TD(Case1),1,10000,10000,../../../data/samplesDendrites/10000/sample1.bin,../../../data/samplesAxons/10000/sample1.bin,SGrid,2,1000,4,1382,0.001382,578712,21,41,4.1e-05,1978,8060,0.012,0,0.005,0.008,0.004,0.066,0.095,0,0,0.064,0.003,0,34.1463,4562,121.488,535.916,83,83,1,0.011,6,0,203,892,529,1452,384,4562,0,0,0,0,371,8,29,283,35,1214,0,0,0,0,15.0278,14.7169,14.1011,13.6911,16.5141,13.0417,0,0,0,0,48.7206,29.2094,127.426,58.2099,52.6587,46.8939,0,0,0,0,12.5566,27.0328,11.2297,22.5645,13.6118,18.9412,0,0,0,0,109.841,45.7805,200.416,107.348,85.9067,77.5232,0,0,0,0,
dTOUCH:TD(Case1),1,10000,10000,../../../data/samplesDendrites/10000/sample1.bin,../../../data/samplesAxons/10000/sample1.bin,SGrid,2,100,4,2351,0.002351,2275311,21,41,4.1e-05,2484,8183,0.014,0,0.015,0.013,0.006,0.037,0.073,0,0,0.036,0.007,0,27.027,4736,123.311,560.656,235,235,1,0.02,8,6,10000,0,0,0,0,0,0,0,0,0,1811,492,398,0,4736,79,0,0,0,0,13.6169,0,0,0,0,0,0,0,0,0,52.4348,302.264,14.7423,29.1299,31.1706,52.3006,18.5895,70.8915,0,0,19.4439,0,0,0,0,0,0,0,0,0,89.0297,0,4.00183,39.5394,15.5649,48.6629,13.2836,128.007,0,0,
SGrid:TD(Case1),1,10000,10000,../../../data/samplesDendrites/10000/sample1.bin,../../../data/samplesAxons/10000/sample1.bin,NL,0,0,1000000,2493,0.002493,0,22,41,4.1e-05,0,0,0.015,0,0.003,0.008,0,0,0.027,0,0,0,0,0,0,0,0,0,1,1,0,0.008,0,0,0,0,0,0,0,0,0,0,0,0,0,0,0,0,0,0,0,0,0,0,0,0,0,0,0,0,0,0,0,0,0,0,0,0,0,0,0,0,0,0,0,0,0,0,0,0,0,0,0,0,0,0,0,0,0,0,0,0,0,0,
reTOUCH:BU(Case4),1,10000,10000,../../../data/samplesDendrites/10000/sample1.bin,../../../data/samplesAxons/10000/sample2.bin,SGrid,2,100,4,764,0.000764,19215855,79,67,6.7e-05,515,7791,0.178,0,0.002,0.011,0,0.031,0.252,0,0,0.031,0.007,0,45.5446,5347,28.9455,295.617,809,809,1,0.018,8,0,3,0,204,324,441,1877,1289,5347,0,0,119,23,47,103,28,238,50,1601,0,0,19.2309,0,9.92174,22.0182,14.7649,13.7779,11.5759,13.7674,0,0,27.528,29.1167,32.4923,82.6791,15.6198,50.9352,68.7186,63.2794,0,0,8.50908,0,6.16309,22.468,12.8821,21.3597,16.2643,20.5399,0,0,38.7932,18.1398,72.3555,118.152,9.0841,88.6901,69.1993,126.465,0,0,
TOUCH:TD(Case1),1,10000,10000,../../../data/samplesDendrites/10000/sample1.bin,../../../data/samplesAxons/10000/sample2.bin,SGrid,2,100,4,737744,0.737744,17254100,0,67,6.7e-05,0,7791,0.013,0,0.001,1.601,1.601,0.032,1.648,0,0,0.031,0,0,45.5446,1601,30.2203,89.8477,111,111,1,1.601,8,0,10000,0,0,0,0,0,0,0,0,0,119,23,47,103,28,238,50,1601,0,0,13.6169,0,0,0,0,0,0,0,0,0,27.528,29.1167,32.4923,82.6791,15.6198,50.9352,68.7186,63.2794,0,0,19.4439,0,0,0,0,0,0,0,0,0,38.7932,18.1398,72.3555,118.152,9.0841,88.6901,69.1993,126.465,0,0,
cTOUCH:TD(Case1),1,10000,10000,../../../data/samplesDendrites/10000/sample1.bin,../../../data/samplesAxons/10000/sample2.bin,SGrid,2,1000,4,942,0.000942,431666,82,67,6.7e-05,4785,7882,0.014,0,0.008,0.009,0.005,0.072,0.11,0,0,0.067,0.005,0.001,30.4878,2545,89.4268,313.811,83,83,1,0.014,6,0,473,306,898,63,930,2545,0,0,0,0,169,276,918,195,101,459,0,0,0,0,17.8,21.8083,14.4003,18.568,15.1155,12.3239,0,0,0,0,31.3044,81.4571,41.7354,77.5169,86.6399,84.7209,0,0,0,0,37.8505,19.33,27.0594,21.1773,25.4452,11.7755,0,0,0,0,68.1441,144.913,91.8496,106.124,196.92,130.008,0,0,0,0,
dTOUCH:TD(Case1),1,10000,10000,../../../data/samplesDendrites/10000/sample1.bin,../../../data/samplesAxons/10000/sample2.bin,SGrid,2,100,4,895,0.000895,1455007,66,67,6.7e-05,5514,7791,0.016,0,0.01,0.009,0.005,0.035,0.07,0,0,0.034,0.007,0,26.25,3202,79.1625,364.083,239,239,1,0.016,8,6,10000,0,0,0,0,0,0,0,0,0,940,0,62,60,3202,222,0,0,0,0,13.6169,0,0,0,0,0,0,0,0,0,60.813,27.1665,38.759,79.1962,8.96424,60.2684,58.0233,80.7427,0,0,19.4439,0,0,0,0,0,0,0,0,0,114.887,11.9991,88.6023,118.058,3.45642,97.5,34.3084,206.175,0,0,
SGrid:TD(Case1),1,10000,10000,../../../data/samplesDendrites/10000/sample1.bin,../../../data/samplesAxons/10000/sample2.bin,NL,0,0,1000000,1735,0.001735,0,28,67,6.7e-05,0,0,0.018,0,0.003,0.007,0,0,0.03,0,0,0,0,0,0,0,0,0,1,1,0,0.007,0,0,0,0,0,0,0,0,0,0,0,0,0,0,0,0,0,0,0,0,0,0,0,0,0,0,0,0,0,0,0,0,0,0,0,0,0,0,0,0,0,0,0,0,0,0,0,0,0,0,0,0,0,0,0,0,0,0,0,0,0,0,
reTOUCH:BU(Case4),1,10000,10000,../../../data/samplesDendrites/10000/sample2.bin,../../../data/samplesAxons/10000/sample1.bin,SGrid,2,100,4,3211,0.003211,37051731,90,161,0.000161,151,6237,0.051,0,0.002,0.016,0,0.03,0.147,0,0,0.029,0.006,0,48.5149,9575,33.6931,494.425,809,809,1,0.022,8,0,0,0,2,0,4,6,262,9575,0,0,644,0,73,0,0,0,378,2668,0,0,0,0,46.8205,0,14.478,9.81865,10.8848,12.9899,0,0,39.157,0,52.6537,0,0,0,59.2827,60.2373,0,0,0,0,8.11759,0,6.19331,2.44766,5.70374,18.719,0,0,69.7315,0,71.186,0,0,0,100.032,109.085,0,0,
TOUCH:TD(Case1),1,10000,10000,../../../data/samplesDendrites/10000/sample2.bin,../../../data/samplesAxons/10000/sample1.bin,SGrid,2,100,4,1292278,1.29228,29192800,2,161,0.000161,0,6237,0.015,0,0,2.854,2.854,0.031,2.901,0,0,0.03,0,0.001,48.5149,2668,34.0668,140.731,104,104,1,2.854,8,0,10000,0,0,0,0,0,0,0,0,0,644,0,73,0,0,0,378,2668,0,0,12.9322,0,0,0,0,0,0,0,0,0,39.157,0,52.6537,0,0,0,59.2827,60.2373,0,0,18.5394,0,0,0,0,0,0,0,0,0,69.7315,0,71.186,0,0,0,100.032,109.085,0,0,
cTOUCH:TD(Case1),1,10000,10000,../../../data/samplesDendrites/10000/sample2.bin,../../../data/samplesAxons/10000/sample1.bin,SGrid,2,1000,4,3089,0.003089,3172304,118,161,0.000161,2395,6651,0.015,0,0.007,0.012,0.007,0.065,0.103,0,0,0.063,0.003,0.001,31.7073,2097,133.585,349.531,83,83,1,0.015,6,0,1896,791,1328,2097,1300,193,0,0,0,0,933,212,428,1132,510,134,0,0,0,0,12.0148,11.2053,11.2103,15.895,13.0552,11.1327,0,0,0,0,44.7919,30.4427,64.9306,74.763,53.9084,32.0317,0,0,0,0,12.3838,13.0804,10.3187,31.328,19.467,5.84952,0,0,0,0,89.9362,54.9116,111.236,124.667,79.4919,96.8601,0,0,0,0,
dTOUCH:TD(Case1),1,10000,10000,../../../data/samplesDendrites/10000/sample2.bin,../../../data/samplesAxons/10000/sample1.bin,SGrid,2,100,4,3377,0.003377,3714264,328,161,0.000161,1504,6237,0.021,0,0.023,0.021,0.013,0.04,0.093,0,0,0.039,0.007,0.001,25.4237,7929,96.5085,726.678,259,259,1,0.028,8,6,10000,0,0,0,0,0,0,0,0,0,66,0,0,0,501,7929,0,0,0,0,12.9322,0,0,0,0,0,0,0,0,0,58.7907,0,64.4233,0,0,0,79.0701,76.1393,0,0,18.5394,0,0,0,0,0,0,0,0,0,101.294,0,87.941,0,0,0,177.457,175.868,0,0,
SGrid:TD(Case1),1,10000,10000,../../../data/samplesDendrites/10000/sample2.bin,../../../data/samplesAxons/10000/sample1.bin,NL,0,0,1000000,4434,0.004434,0,118,161,0.000161,0,0,0.018,0,0.004,0.013,0,0,0.036,0,0,0,0,0,0,0,0,0,1,1,0,0.013,0,0,0,0,0,0,0,0,0,0,0,0,0,0,0,0,0,0,0,0,0,0,0,0,0,0,0,0,0,0,0,0,0,0,0,0,0,0,0,0,0,0,0,0,0,0,0,0,0,0,0,0,0,0,0,0,0,0,0,0,0,0,
reTOUCH:BU(Case4),1,10000,10000,../../../data/samplesDendrites/10000/sample2.bin,../../../data/samplesAxons/10000/sample2.bin,SGrid,2,100,4,489,0.000489,29639432,0,1,1e-06,152,6990,0.015,0,0.002,0.008,0,0.04,0.067,0,0,0.039,0.005,0.001,49.0099,9574,31.8267,492.955,809,809,1,0.013,8,0,0,0,2,0,4,6,262,9574,0,0,243,0,0,0,0,0,161,2606,0,0,0,0,46.8205,0,14.478,9.81865,10.8848,12.9903,0,0,62.7428,0,0,0,0,0,78.7584,60.4361,0,0,0,0,8.11759,0,6.19331,2.44766,5.70374,18.72,0,0,143.132,0,0,0,0,0,113.945,114.413,0,0,
TOUCH:TD(Case1),1,10000,10000,../../../data/samplesDendrites/10000/sample2.bin,../../../data/samplesAxons/10000/sample2.bin,SGrid,2,100,4,675565,0.675565,27114700,0,1,1e-06,0,6990,0.02,0,0,1.43,1.429,0.031,1.483,0,0,0.03,0.001,0.001,49.0099,2606,32.203,135.655,103,103,1,1.431,8,0,10000,0,0,0,0,0,0,0,0,0,243,0,0,0,0,0,161,2606,0,0,12.9322,0,0,0,0,0,0,0,0,0,62.7428,0,0,0,0,0,78.7584,60.4361,0,0,18.5394,0,0,0,0,0,0,0,0,0,143.132,0,0,0,0,0,113.945,114.413,0,0,
cTOUCH:TD(Case1),1,10000,10000,../../../data/samplesDendrites/10000/sample2.bin,../../../data/samplesAxons/10000/sample2.bin,SGrid,2,1000,4,429,0.000429,1408304,1,1,1e-06,6180,7438,0.012,0,0.004,0.005,0.003,0.069,0.093,0,0,0.067,0.002,0.001,34.1463,1155,77.8293,202.071,83,83,1,0.007,6,0,806,527,452,27,1155,853,0,0,0,0,1064,245,475,253,357,168,0,0,0,0,12.3068,12.1496,11.9301,29.6094,13.2843,11.5545,0,0,0,0,54.4827,72.2652,57.302,67.4351,94.054,52.7479,0,0,0,0,14.3016,14.8387,9.01054,20.2926,19.7847,13.4642,0,0,0,0,109.045,148.583,98.7885,140.972,152.376,94.6674,0,0,0,0,
dTOUCH:TD(Case1),1,10000,10000,../../../data/samplesDendrites/10000/sample2.bin,../../../data/samplesAxons/10000/sample2.bin,SGrid,2,100,4,422,0.000422,1886804,1,1,1e-06,4176,6990,0.016,0,0.011,0.01,0.003,0.039,0.075,0,0,0.038,0.006,0,25.4545,2360,76.7545,287.871,255,255,1,0.016,8,6,10000,0,0,0,0,0,0,0,0,0,909,41,102,819,1593,2360,0,0,0,0,12.9322,0,0,0,0,0,0,0,0,0,61.4365,0,0,0,0,0,75.4144,61.9023,0,0,18.5394,0,0,0,0,0,0,0,0,0,115.47,0,0,0,0,0,134.388,89.8382,0,0,
SGrid:TD(Case1),1,10000,10000,../../../data/samplesDendrites/10000/sample2.bin,../../../data/samplesAxons/10000/sample2.bin,NL,0,0,1000000,746,0.000746,0,1,1,1e-06,0,0,0.015,0,0.004,0.004,0,0,0.024,0,0,0,0,0,0,0,0,0,1,1,0,0.004,0,0,0,0,0,0,0,0,0,0,0,0,0,0,0,0,0,0,0,0,0,0,0,0,0,0,0,0,0,0,0,0,0,0,0,0,0,0,0,0,0,0,0,0,0,0,0,0,0,0,0,0,0,0,0,0,0,0,0,0,0,0,
